"","Comp.1","Comp.2"
"open",2.11586886069577e-05,0.00245880667032442
"high",0.00439441444736793,0.00369604591153355
"low",-0.0040827132936105,-0.00417682046208029
"close",0.00136747360656332,-0.00128257501955804
"daily_trading_volume",0.276527901900548,0.23250884879663
"RSI_14",0.414872594267951,0.362876980925261
"BollW",0.0296649008728467,0.0690055831882803
"precent_B",0.421526903756847,0.351702009630064
"BIAS",0.41103611115013,0.303079977743232
"ROC_1",0.635499471702283,-0.770653999947148
